item;quantidade;valor_unitario
Pedra alicerce;1;750
brita;30;8
Areia;40;3,75
Barro;4;68
cimento;23;47,9
arame;7;4,9
treliça;11;32,32
tijolos;2.5;915
Mão de obra;1;3150
portão;1;1400
elétrica /hidráulica;1;270
tubo de 200;1;210
ajustes no portão;1;48
nível a laser;1;20,36
barra de ferro;1;95,32
armação reforçada;1;62,74
manilhas c/t;1;249,19
cimento n/c;8;51,9
caixa dagua 500;1;299
2 sacos de areia grossa;2;5
60 pedras castelo;1;1380
areia grossa;1;600
meia carrada de barro;1;124
2 manilhas;1;196
impermeabilizante s1;1;117
impermeabilizante piscina;1;198
ferros alpendre;3;109
carro de mão extra;1;195
serra starrete;1;23
brita;6;8
cimento;1;48
bombonas;2;150
cimento;5;51
cimento mizu;3;49
cimento potiy;5;51
CANOS;1;562
refletores;1;32
disco de rebolo;1;32
cano de 150;1;139,5
pedra do banheiro e brita;1;180
bomba do poço;1;387,9
cabo PP para o poço;1;210,8
manilhas para o sumidouro;1;250
telha;1;1065
madeira;1;2600
mais conexão;1;54
barro para aterro;1;244,05
telha;1;1593
